CREATE DATABASE  IF NOT EXISTS `natural_disasters` /*!40100 DEFAULT CHARACTER SET utf8 */ /*!80016 DEFAULT ENCRYPTION='N' */;
USE `natural_disasters`;
-- MySQL dump 10.13  Distrib 8.0.21, for Win64 (x86_64)
--
-- Host: localhost    Database: natural_disasters
-- ------------------------------------------------------
-- Server version	8.0.21

/*!40101 SET @OLD_CHARACTER_SET_CLIENT=@@CHARACTER_SET_CLIENT */;
/*!40101 SET @OLD_CHARACTER_SET_RESULTS=@@CHARACTER_SET_RESULTS */;
/*!40101 SET @OLD_COLLATION_CONNECTION=@@COLLATION_CONNECTION */;
/*!50503 SET NAMES utf8 */;
/*!40103 SET @OLD_TIME_ZONE=@@TIME_ZONE */;
/*!40103 SET TIME_ZONE='+00:00' */;
/*!40014 SET @OLD_UNIQUE_CHECKS=@@UNIQUE_CHECKS, UNIQUE_CHECKS=0 */;
/*!40014 SET @OLD_FOREIGN_KEY_CHECKS=@@FOREIGN_KEY_CHECKS, FOREIGN_KEY_CHECKS=0 */;
/*!40101 SET @OLD_SQL_MODE=@@SQL_MODE, SQL_MODE='NO_AUTO_VALUE_ON_ZERO' */;
/*!40111 SET @OLD_SQL_NOTES=@@SQL_NOTES, SQL_NOTES=0 */;

--
-- Table structure for table `damage`
--

DROP TABLE IF EXISTS `damage`;
/*!40101 SET @saved_cs_client     = @@character_set_client */;
/*!50503 SET character_set_client = utf8mb4 */;
CREATE TABLE `damage` (
  `event_id` int DEFAULT NULL,
  `damage_cost` int DEFAULT NULL,
  `houses_destroyed` int DEFAULT NULL,
  `houses_damaged` int DEFAULT NULL
) ENGINE=InnoDB DEFAULT CHARSET=utf8;
/*!40101 SET character_set_client = @saved_cs_client */;

--
-- Dumping data for table `damage`
--

LOCK TABLES `damage` WRITE;
/*!40000 ALTER TABLE `damage` DISABLE KEYS */;
INSERT INTO `damage` VALUES (1,1250,0,0),(2,1532,16,60),(3,1568,0,0),(4,5210,97294,188383),(5,8886,0,0),(6,30000,0,500000),(7,4544,0,0),(8,4548,0,0),(9,8448,0,0),(10,88,0,0),(11,8743,0,0),(12,678,0,0),(13,39,700,0),(14,884,0,0),(15,4848,0,0),(16,18,0,0),(17,5814,0,0),(18,15000,100000,0),(19,184,0,0),(20,220085,123661,280920),(21,484,0,0),(22,8763,0,0),(23,4842,0,0),(24,484,0,0),(25,1481,0,0),(26,0,0,0),(27,0,0,0),(28,52,0,0),(29,55,0,0),(30,154,0,0),(31,151,0,0),(32,15484,0,0),(33,15151,800,0),(34,15,0,0),(35,15,0,0),(36,151,0,0),(37,151,0,0),(38,151,0,0),(39,1518,0,0),(40,494,0,0),(41,48,2769,7561),(42,462,0,0),(43,7895,0,0),(44,2,588,478),(45,4,0,0),(46,3,0,0),(47,54,0,0),(48,48,0,35),(49,18,0,0),(50,32,32638,14118),(51,26,0,0),(52,49,0,0),(53,40,0,0),(54,100,0,2600),(55,0,0,0),(56,1,0,0),(57,16,0,0),(58,4,0,127),(59,9,0,0),(60,3,0,0),(61,35,0,0),(62,35,0,0),(63,5,0,0),(64,45,0,0),(65,15,5,41),(66,16,0,0),(67,16,0,0),(68,7,0,0),(69,5,0,0),(70,5,0,0),(71,5,0,0),(72,56,0,0),(73,9,0,0),(74,1,0,0),(75,45,2305,10044),(76,13,0,0),(77,18,0,0),(78,0,1,0),(79,0,0,0),(80,0,0,0),(81,3300,6998,29672),(82,0,0,0),(83,0,0,0),(84,0,0,0),(85,0,0,0),(86,0,0,0),(87,3900,1,0),(88,0,0,0),(89,0,0,0),(90,0,191,126),(91,0,0,0),(92,0,0,0),(93,0,0,0),(94,0,0,0),(95,0,0,0),(96,0,0,0),(97,0,1,0),(98,0,0,0),(99,0,10,250),(100,0,0,0),(101,0,0,0),(102,4000,47468,94027),(103,0,0,0),(104,0,0,0),(105,0,0,0),(106,0,0,0),(107,0,0,0),(108,0,0,7),(109,0,259,1577),(110,0,0,0),(111,370,716,0),(112,509,0,83392),(113,0,0,0),(114,0,0,0),(115,0,0,0),(116,1500,3673,39191),(117,0,0,0),(118,0,0,0),(119,0,0,0),(120,0,0,0),(121,0,0,0),(122,0,0,0),(123,0,0,144),(124,0,0,36);
/*!40000 ALTER TABLE `damage` ENABLE KEYS */;
UNLOCK TABLES;

--
-- Table structure for table `disaster_category`
--

DROP TABLE IF EXISTS `disaster_category`;
/*!40101 SET @saved_cs_client     = @@character_set_client */;
/*!50503 SET character_set_client = utf8mb4 */;
CREATE TABLE `disaster_category` (
  `disaster_id` int DEFAULT NULL,
  `event_id` int DEFAULT NULL,
  `victim_death_category` int DEFAULT NULL,
  `victim_injuries_category` int DEFAULT NULL,
  `victim_missing_category` int DEFAULT NULL,
  `houses_damaged_category` int DEFAULT NULL,
  `houses_destroyed_category` int DEFAULT NULL
) ENGINE=InnoDB DEFAULT CHARSET=utf8;
/*!40101 SET character_set_client = @saved_cs_client */;

--
-- Dumping data for table `disaster_category`
--

LOCK TABLES `disaster_category` WRITE;
/*!40000 ALTER TABLE `disaster_category` DISABLE KEYS */;
INSERT INTO `disaster_category` VALUES (1,1,0,0,0,0,0),(2,2,0,0,0,1,1),(3,3,0,0,0,0,0),(4,4,4,4,0,4,4),(5,5,0,1,0,1,0),(6,6,3,4,0,4,0),(7,7,0,0,0,1,0),(8,8,0,0,0,0,0),(9,9,0,0,0,0,0),(10,10,0,0,0,0,0),(11,11,0,0,0,0,0),(12,12,0,0,0,0,0),(13,13,3,0,0,4,3),(14,14,0,0,0,0,0),(15,15,0,1,0,1,0),(16,16,0,0,0,0,0),(17,17,0,0,0,0,0),(18,18,3,4,0,4,4),(19,19,0,0,0,0,0),(20,20,4,4,0,4,4),(21,21,1,3,0,1,0),(22,22,0,0,0,0,0),(23,23,0,0,0,0,0),(24,24,0,0,0,0,0),(25,25,0,0,0,0,0),(26,26,0,0,0,0,0),(27,27,0,0,0,0,0),(28,28,0,0,0,0,0),(29,29,0,0,0,0,0),(30,30,0,0,0,0,0),(31,31,0,0,0,0,0),(32,32,0,0,0,0,0),(33,33,1,1,0,3,3),(34,34,1,1,0,1,0),(35,35,0,0,0,0,0),(36,36,0,0,0,0,0),(37,37,0,0,0,0,0),(38,38,1,1,0,1,1),(39,39,1,1,0,1,2),(40,40,1,0,0,1,0),(41,41,2,3,0,3,4),(42,42,0,1,0,0,0),(43,43,0,0,0,1,0),(44,44,1,1,0,2,3),(45,45,0,0,0,0,0),(46,46,0,0,0,0,0),(47,47,0,0,0,0,0),(48,48,0,1,0,1,0),(49,49,0,2,0,2,2),(50,50,3,3,0,4,4),(51,51,0,1,0,0,0),(52,52,0,0,0,0,0),(53,53,0,0,0,1,0),(54,54,1,0,0,4,0),(55,55,0,0,0,0,0),(56,56,0,0,0,0,0),(57,57,0,0,0,0,0),(58,58,0,0,0,1,0),(59,59,0,0,0,0,0),(60,60,0,0,0,0,0),(61,61,0,0,0,0,0),(62,62,0,1,0,0,0),(63,63,0,0,0,0,0),(64,64,0,0,0,0,0),(65,65,1,0,0,1,1),(66,66,0,0,0,0,0),(67,67,0,0,0,0,0),(68,68,0,0,0,1,0),(69,69,0,0,0,0,0),(70,70,0,0,0,0,0),(71,71,0,0,0,1,0),(72,72,0,0,0,0,0),(73,73,0,0,0,0,0),(74,74,0,0,0,0,0),(75,75,1,1,1,4,4),(76,76,0,0,0,0,0),(77,77,0,0,0,0,0),(79,79,0,0,0,0,0),(80,80,0,0,0,0,0),(81,81,3,4,1,4,4),(82,82,0,0,0,0,0),(83,83,0,0,0,0,0),(84,84,0,0,0,0,0),(85,85,0,0,0,0,0),(86,86,0,0,0,0,0),(87,87,1,0,0,4,1),(88,88,0,1,0,1,0),(89,89,0,0,0,0,0),(90,90,1,0,0,1,3),(91,91,0,0,0,0,0),(92,92,0,0,0,0,0),(93,93,0,0,0,1,0),(94,94,0,0,0,0,0),(95,95,1,0,0,1,3),(96,96,0,0,0,0,0),(97,97,0,1,0,1,1),(98,98,0,0,0,0,0),(99,99,1,1,0,2,1),(101,101,1,3,0,2,1),(102,102,2,3,0,4,4),(103,103,0,0,0,0,0),(104,104,0,0,0,0,0),(105,105,0,0,0,0,0),(106,106,0,0,0,0,0),(107,107,0,0,0,0,0),(108,108,0,0,0,1,0),(109,109,1,3,0,3,3),(110,110,0,0,0,1,0),(112,112,3,4,0,4,3),(113,113,0,0,0,0,0),(114,114,1,0,0,2,0),(115,115,0,0,0,0,0),(116,116,4,4,3,4,4),(117,117,0,0,0,0,0),(118,118,0,1,0,1,0),(119,119,0,0,0,1,0),(120,120,0,1,0,1,1),(121,121,0,0,0,0,0),(122,122,0,0,0,0,0),(123,123,0,1,0,2,0),(124,124,1,1,0,1,0);
/*!40000 ALTER TABLE `disaster_category` ENABLE KEYS */;
UNLOCK TABLES;

--
-- Table structure for table `earthquake`
--

DROP TABLE IF EXISTS `earthquake`;
/*!40101 SET @saved_cs_client     = @@character_set_client */;
/*!50503 SET character_set_client = utf8mb4 */;
CREATE TABLE `earthquake` (
  `earthquake_id` int DEFAULT NULL,
  `event_id` int DEFAULT NULL,
  `focal_depth` int DEFAULT NULL,
  `magnitude` double DEFAULT NULL
) ENGINE=InnoDB DEFAULT CHARSET=utf8;
/*!40101 SET character_set_client = @saved_cs_client */;

--
-- Dumping data for table `earthquake`
--

LOCK TABLES `earthquake` WRITE;
/*!40000 ALTER TABLE `earthquake` DISABLE KEYS */;
INSERT INTO `earthquake` VALUES (1,1,26,6.6),(2,2,25,7.1),(3,3,15,6.8),(4,4,13,7),(5,5,25,7),(6,6,23,8.8),(7,7,11,6.9),(8,8,31,7.8),(9,9,10,4.4),(10,10,35,7.5),(11,11,25,7.2),(12,12,10,6.9),(13,13,20,7.8),(14,14,14,7.4),(15,15,16,7.3),(16,16,24,6.5),(17,17,28,6.8),(18,18,6,6.1),(19,19,32,7.5),(20,20,30,9.1),(21,21,42,7.1),(22,22,11,6.8),(23,23,52,7.3),(24,24,17,7.6),(25,25,23,7),(26,26,32,7.1),(27,27,28,7),(28,28,32,6.8),(29,29,33,7.4),(30,30,23,7),(31,31,16,6.7),(32,32,12,6.9),(33,33,20,7.4),(34,34,20,8.6),(35,35,25,8.2),(36,36,11,6.3),(37,37,28,7.3),(38,38,28,7.6),(39,39,35,7.6),(40,40,14,7.7),(41,41,24,7.3),(42,42,31,7.2),(43,43,10,7.5),(44,44,24,7.9),(45,45,21,7),(46,46,110,7.2),(47,47,30,6),(48,48,17,6.5),(49,49,12,6.5),(50,50,15,7.7),(51,51,10,7.1),(52,52,10,7.7),(53,53,21,6.7),(54,54,25,8.2),(55,55,22,7.7),(56,56,23,7.6),(57,57,39,7.4),(58,58,24,7.2),(59,59,43,7.5),(60,60,20,6.9),(61,61,109,7.9),(62,62,20,6.5),(63,63,10,6.1),(64,64,17,7),(65,65,40,7.3),(66,66,45,7.1),(67,67,23,6.7),(68,68,10,6.4),(69,69,41,7.5),(70,70,10,5.7),(71,71,55,7.5),(72,72,12,6.7),(73,73,11,7),(74,74,23,6.9),(75,75,22,8.3),(76,76,10,6.9),(77,77,12,6.7),(78,78,11,6.5),(79,79,13,6.8),(80,80,24,7.8),(81,81,17,7.8),(82,82,24,7),(83,83,16,7.2),(84,84,10,7.4),(85,85,10,6),(86,86,19,7),(87,87,15,7.8),(88,88,9,6.9),(89,89,33,6.9),(90,90,40,7.8),(91,91,20,6.9),(92,92,95,7.9),(93,93,30,7.6),(94,94,12,6.9),(95,95,135,7.9),(96,96,28,6.9),(97,97,26,6.9),(98,98,1,6.2),(99,99,12,6.3),(100,100,10,7.7),(101,101,7,6.6),(102,102,46,8.2),(103,103,24,6.7),(104,104,22,6.6),(105,105,14,6.3),(106,106,13,6.6),(107,107,10,7),(108,108,19,7.5),(109,109,38,7.1),(110,110,14,7.9),(111,111,5,6.9),(112,112,31,6.9),(113,113,563,8.2),(114,114,154,7.3),(115,115,28,7.1),(116,116,10,7.5),(117,117,17,6.5),(118,118,14,6.8),(119,119,10,7.5),(120,120,10,7.6),(121,121,11,6.4),(122,122,34,7.2),(123,123,12,6.4),(124,124,33,7.1);
/*!40000 ALTER TABLE `earthquake` ENABLE KEYS */;
UNLOCK TABLES;

--
-- Table structure for table `events`
--

DROP TABLE IF EXISTS `events`;
/*!40101 SET @saved_cs_client     = @@character_set_client */;
/*!50503 SET character_set_client = utf8mb4 */;
CREATE TABLE `events` (
  `event_id` int DEFAULT NULL
) ENGINE=InnoDB DEFAULT CHARSET=utf8;
/*!40101 SET character_set_client = @saved_cs_client */;

--
-- Dumping data for table `events`
--

LOCK TABLES `events` WRITE;
/*!40000 ALTER TABLE `events` DISABLE KEYS */;
INSERT INTO `events` VALUES (1),(2),(3),(4),(5),(6),(7),(8),(9),(10),(11),(12),(13),(14),(15),(16),(17),(18),(19),(20),(21),(22),(23),(24),(25),(26),(27),(28),(29),(30),(31),(32),(33),(34),(35),(36),(37),(38),(39),(40),(41),(42),(43),(44),(45),(46),(47),(48),(49),(50),(51),(52),(53),(54),(55),(56),(57),(58),(59),(60),(61),(62),(63),(64),(65),(66),(67),(68),(69),(70),(71),(72),(73),(74),(75),(76),(77),(78),(79),(80),(81),(82),(83),(84),(85),(86),(87),(88),(89),(90),(91),(92),(93),(94),(95),(96),(97),(98),(99),(100),(101),(102),(103),(104),(105),(106),(107),(108),(109),(110),(111),(112),(113),(114),(115),(116),(117),(118),(119),(120),(121),(122),(123),(124);
/*!40000 ALTER TABLE `events` ENABLE KEYS */;
UNLOCK TABLES;

--
-- Table structure for table `location_disaster`
--

DROP TABLE IF EXISTS `location_disaster`;
/*!40101 SET @saved_cs_client     = @@character_set_client */;
/*!50503 SET character_set_client = utf8mb4 */;
CREATE TABLE `location_disaster` (
  `location_id` int DEFAULT NULL,
  `disaster_id` int DEFAULT NULL
) ENGINE=InnoDB DEFAULT CHARSET=utf8;
/*!40101 SET character_set_client = @saved_cs_client */;

--
-- Dumping data for table `location_disaster`
--

LOCK TABLES `location_disaster` WRITE;
/*!40000 ALTER TABLE `location_disaster` DISABLE KEYS */;
INSERT INTO `location_disaster` VALUES (1,1),(2,2),(3,3),(4,4),(5,5),(6,6),(7,7),(8,8),(9,9),(10,10),(11,11),(12,12),(13,13),(14,14),(15,15),(16,16),(17,17),(18,18),(19,19),(20,20),(21,21),(22,22),(23,23),(24,24),(25,25),(26,26),(27,27),(28,28),(29,29),(30,30),(31,31),(32,32),(33,33),(34,34),(35,35),(36,36),(37,37),(38,38),(39,39),(40,40),(41,41),(42,42),(43,43),(44,44),(45,45),(46,46),(47,47),(48,48),(49,49),(50,50),(51,51),(52,52),(53,53),(54,54),(55,55),(56,56),(57,57),(58,58),(59,59),(60,60),(61,61),(62,62),(63,63),(64,64),(65,65),(66,66),(67,67),(68,68),(69,69),(70,70),(71,71),(72,72),(73,73),(74,74),(75,75),(76,76),(77,77),(78,78),(79,79),(80,80),(81,81),(82,82),(83,83),(84,84),(85,85),(86,86),(87,87),(88,88),(89,89),(90,90),(91,91),(92,92),(93,93),(94,94),(95,95),(96,96),(97,97),(98,98),(99,99),(100,100),(101,101),(102,102),(103,103),(104,104),(105,105),(106,106),(107,107),(108,108),(109,109),(110,110),(111,111),(112,112),(113,113),(114,114),(115,115),(116,116),(117,117),(118,118),(119,119),(120,120),(121,121),(122,122),(123,123),(124,124);
/*!40000 ALTER TABLE `location_disaster` ENABLE KEYS */;
UNLOCK TABLES;

--
-- Table structure for table `locations`
--

DROP TABLE IF EXISTS `locations`;
/*!40101 SET @saved_cs_client     = @@character_set_client */;
/*!50503 SET character_set_client = utf8mb4 */;
CREATE TABLE `locations` (
  `location_id` int DEFAULT NULL,
  `event_id` int DEFAULT NULL,
  `country_name` text,
  `city_name` text,
  `Latitude` double DEFAULT NULL,
  `Longitude` double DEFAULT NULL
) ENGINE=InnoDB DEFAULT CHARSET=utf8;
/*!40101 SET character_set_client = @saved_cs_client */;

--
-- Dumping data for table `locations`
--

LOCK TABLES `locations` WRITE;
/*!40000 ALTER TABLE `locations` DISABLE KEYS */;
INSERT INTO `locations` VALUES (1,1,'SOLOMON ISLANDS','HONIARA',-8.743,157.477),(2,2,'SOLOMON ISLANDS','HONIARA',-8.799,157.346),(3,3,'SOLOMON ISLANDS','HONIARA',-9.019,157.551),(4,4,'HAITI','PORT-AU-PRINCE',18.457,-72.533),(5,5,'JAPAN','OKINAWA',25.93,128.425),(6,6,'CHILE','TALCAHUANO',-36.122,-72.898),(7,7,'CHILE','RANCAGUA',-34.29,-71.891),(8,8,'INDONESIA','SUMATRA',2.383,97.048),(9,9,'USA','ANATAHAN',16.591,145.682),(10,10,'INDIA','LITTLE NICOBAR ISLAND',7.881,91.936),(11,11,'VANUATU ISLANDS','PORT VILA',-17.541,168.069),(12,12,'USA','GUAM',12.484,141.476),(13,13,'INDONESIA','SUMATRA',-3.487,100.082),(14,14,'JAPAN','BONIN ISLANDS',26.901,143.698),(15,15,'VANUATU ISLANDS','PORT VILA',-19.702,167.947),(16,16,'VANUATU ISLANDS','PORT VILA',-19.157,168.311),(17,17,'CHILE','COQUIMBO',-36.474,-73.125),(18,18,'NEW ZEALAND','CHRISTCHURCH',-43.583,172.68),(19,19,'JAPAN','HONSHU',38.435,142.842),(20,20,'JAPAN','HONSHU',38.297,142.372),(21,21,'JAPAN','HONSHU',38.276,141.588),(22,22,'France','NEW CALEDONIA',-20.244,168.226),(23,23,'USA','JUNEAU',52.05,-171.836),(24,24,'NEW ZEALAND','KERMADEC ISLANDS',-29.539,-176.34),(25,25,'JAPAN','HONSHU',38.034,143.264),(26,26,'VANUATU ISLANDS','PORT VILA',-18.365,168.143),(27,27,'VANUATU ISLANDS','PORT VILA',-18.311,168.218),(28,28,'USA','JUNEAU',52.171,-171.708),(29,29,'NEW ZEALAND','JACINDA ARDEN',-28.993,-176.238),(30,30,'VANUATU ISLANDS','PORT VILA',-17.827,167.133),(31,31,'VANUATU ISLANDS','PORT VILA',-19.125,169.613),(32,32,'JAPAN','HOKKAIDO',40.887,144.944),(33,33,'MEXICO','OAXACA',16.493,-98.231),(34,34,'INDONESIA','SUMATRA',2.327,93.063),(35,35,'INDONESIA','SUMATRA',0.802,92.463),(36,36,'VANUATU ISLANDS','PORT VILA',-18.972,168.741),(37,37,'NICARAGUA','MANAGUA',12.139,-88.59),(38,38,'PHILIPPINES','TACLOBAN',10.811,126.638),(39,39,'COSTA RICA','NICOYA',10.085,-85.315),(40,40,'CANADA','QUEEN CHARLOTTE ISLANDS',52.788,-132.101),(41,41,'GUATEMALA','SAN CRISTOBAL COCHU',13.988,-91.895),(42,42,'JAPAN','HONSHU',37.89,143.949),(43,43,'USA','JUNEAU',55.393,-134.652),(44,44,'SOLOMON ISLANDS','SANTA CRUZ ISLANDS',-10.799,165.114),(45,45,'SOLOMON ISLANDS','SANTA CRUZ ISLANDS',-10.928,166.018),(46,46,'RUSSIA','KURIL ISLANDS',46.221,150.788),(47,47,'MEXICO','LAZARO CARDENAS',18.081,-102.182),(48,48,'NEW ZEALAND','COOK STRAIT',-41.704,174.337),(49,49,'NEW ZEALAND:','MARLBOROUGH',-41.731,174.027),(50,50,'PAKISTAN','KECH',26.951,65.501),(51,51,'JAPAN','HONSHU',37.2,144.6),(52,52,'UNITED KINGDOM','SOUTH ORKNEY ISLANDS',-60.274,-46.401),(53,53,'CHILE','QUIQUE',-19.965,-70.814),(54,54,'CHILE','ALTO HOSPICIO',-19.61,-70.769),(55,55,'CHILE','IQUIQUE',-20.571,-70.493),(56,56,'SOLOMON ISLANDS','SANTA CRUZ ISLANDS',-11.27,162.148),(57,57,'SOLOMON ISLANDS','SANTA CRUZ ISLANDS',-11.463,162.051),(58,58,'MEXICO','MEXICO CITY',17.397,-100.972),(59,59,'PAPUA NEW GUINEA','PORT MORESBY',-6.755,155.024),(60,60,'NEW ZEALAND','RAOUL ISLAND',-29.977,-177.725),(61,61,'USA','JUNEAU',51.849,178.735),(62,62,'JAPAN','SANRIKU',37.005,142.453),(63,63,'USA','JUNEAU',58.306,-136.96),(64,64,'CHILE','EASTER ISLAND',-32.108,-110.811),(65,65,'EL SALVADOR','TIGER ISLAND',12.526,-88.123),(66,66,'INDONESIA','N. MOLUCCAS ISLANDS',1.893,126.522),(67,67,'JAPAN','HONSHU',39.856,142.881),(68,68,'VANUATU ISLANDS','PORT VILA',-16.431,168.148),(69,69,'PAPUA NEW GUINEA','PORT MORESBY',-4.729,152.562),(70,70,'JAPAN','HONSHU',31.529,140.213),(71,71,'PAPUA NEW GUINEA','PORT MORESBY',-5.462,151.875),(72,72,'SOLOMON ISLANDS','SANTA CRUZ ISLANDS',-9.307,158.403),(73,73,'SOLOMON ISLANDS','SANTA CRUZ ISLANDS',-10.401,165.141),(74,74,'USA','JUNEAU',52.214,-169.399),(75,75,'CHILE','SANTIAGO',-31.573,-71.674),(76,76,'CHILE','LA SERENA',-29.439,-72.105),(77,77,'JAPAN','KYUSU ISLAND',31.001,128.873),(78,78,'GREECE','ITHACA',38.67,20.6),(79,79,'SOLOMON ISLANDS','SANTA CRUZ ISLANDS',-8.899,158.422),(80,80,'INDONESIA','SUMATRA',-4.952,94.33),(81,81,'ECUADOR','ESMERALDAS',0.35,-80.16),(82,82,'VANUATU ISLANDS','PORT VILA',-16.043,167.379),(83,83,'FRANCE','LOYALTY ISLANDS',-22.477,173.117),(84,84,'ARGENTINA','KING EDWARD POINT',-55.285,-31.877),(85,85,'JAPAN','HONSHU',40.394,143.68),(86,86,'NEW ZEALAND','GISBORNE',-37.359,179.146),(87,87,'NEW ZEALAND','AMBERLEY',-42.737,173.054),(88,88,'JAPAN','HONSHU',37.393,141.387),(89,89,'NICARAGUA','MANAGUA',11.96,-88.835),(90,90,'SOLOMON ISLANDS','SANTA CRUZ ISLANDS',-10.681,161.327),(91,91,'SOLOMON ISLANDS','SANTA CRUZ ISLANDS',-10.749,161.132),(92,92,'PAPUA NEW GUINEA','NEW BRITAIN',-4.505,153.522),(93,93,'CHILE','SANTIAGO',-43.517,-74.391),(94,94,'FIJI ISLANDS','SUVA',-19.373,176.052),(95,95,'PAPUA NEW GUINEA','BOUGAINVILLE ISLAND',-6.246,155.172),(96,96,'CHILE','VALPARAISO',-33.038,-72.062),(97,97,'PHILIPPINES','SARANGANI',5.504,125.066),(98,98,'USA','JUNEAU',59.852,-136.677),(99,99,'GREECE','LESBOS',38.93,26.365),(100,100,'RUSSIA','BERING ISLAND',54.443,168.857),(101,101,'TURKEY','BODRUM',36.929,27.414),(102,102,'MEXICO','OAXACA',14.761,-94.103),(103,103,'NEW CALEDONIA','LOYALTY ISLANDS',-21.697,169.149),(104,104,'NEW CALEDONIA','LOYALTY ISLANDS',-21.648,168.859),(105,105,'NEW CALEDONIA','LOYALTY ISLANDS',-21.638,168.673),(106,106,'NEW CALEDONIA','LOYALTY ISLANDS',-21.503,168.598),(107,107,'NEW CALEDONIA','LOYALTY ISLANDS',-21.325,168.672),(108,108,'HONDURAS','TEGUCIGALPA',17.483,-83.52),(109,109,'PERU','YAUCA',-15.982,-74.512),(110,110,'USA','JUNEAU',56.004,-149.166),(111,111,'USA','PUNA DISTRICT',19.37,-155.032),(112,112,'INDONESIA','LOMBOK ISLAND',-8.287,116.452),(113,113,'FIJI ISLANDS','SUVA',-18.178,-178.111),(114,114,'VENEZUELA','SUCRE',10.855,-62.883),(115,115,'NEW CALEDONIA','LOYALTY ISLANDS',-22.066,170.05),(116,116,'INDONESIA','SULAWESI',-0.178,119.84),(117,117,'NEW CALEDONIA','LOYALTY ISLANDS',-21.743,169.522),(118,118,'GREECE','STROFADES',37.506,20.563),(119,119,'NEW CALEDONIA','LOYALTY ISLANDS',-21.969,169.446),(120,120,'PAPUA NEW GUINEA','RABAUL',-4.051,152.597),(121,121,'CHILE','COQUIMBO',-30.056,-72.082),(122,122,'NEW ZEALAND','RAOUL',-30.805,-178.095),(123,123,'JAPAN','NIIGATA PREFECTURE',38.646,139.472),(124,124,'INDONESIA','MOLUCCA ISLANDS',1.6,126.416);
/*!40000 ALTER TABLE `locations` ENABLE KEYS */;
UNLOCK TABLES;

--
-- Table structure for table `time`
--

DROP TABLE IF EXISTS `time`;
/*!40101 SET @saved_cs_client     = @@character_set_client */;
/*!50503 SET character_set_client = utf8mb4 */;
CREATE TABLE `time` (
  `event_id` int DEFAULT NULL,
  `year` int DEFAULT NULL,
  `month` int DEFAULT NULL,
  `day` int DEFAULT NULL,
  `hour` int DEFAULT NULL,
  `minute` int DEFAULT NULL
) ENGINE=InnoDB DEFAULT CHARSET=utf8;
/*!40101 SET character_set_client = @saved_cs_client */;

--
-- Dumping data for table `time`
--

LOCK TABLES `time` WRITE;
/*!40000 ALTER TABLE `time` DISABLE KEYS */;
INSERT INTO `time` VALUES (1,2010,1,3,21,48),(2,2010,1,3,22,36),(3,2010,1,5,12,15),(4,2010,1,12,21,53),(5,2010,2,26,20,31),(6,2010,2,27,6,34),(7,2010,3,11,14,39),(8,2010,4,6,22,15),(9,2010,5,29,11,46),(10,2010,6,12,19,26),(11,2010,8,10,5,23),(12,2010,8,13,21,19),(13,2010,10,25,14,42),(14,2010,12,21,17,19),(15,2010,12,25,13,16),(16,2011,1,9,10,3),(17,2011,2,11,20,5),(18,2011,2,21,23,51),(19,2011,3,9,2,45),(20,2011,3,11,5,46),(21,2011,4,7,14,32),(22,2011,5,10,8,55),(23,2011,6,24,3,9),(24,2011,7,6,19,3),(25,2011,7,10,0,57),(26,2011,8,20,16,55),(27,2011,8,20,18,19),(28,2011,9,2,10,55),(29,2011,10,21,17,57),(30,2012,2,2,13,34),(31,2012,3,9,7,9),(32,2012,3,14,9,8),(33,2012,3,20,18,2),(34,2012,4,11,8,38),(35,2012,4,11,10,43),(36,2012,4,14,22,5),(37,2012,8,27,4,37),(38,2012,8,31,12,47),(39,2012,9,5,14,42),(40,2012,10,28,3,4),(41,2012,11,7,16,35),(42,2012,12,7,8,18),(43,2013,1,5,8,58),(44,2013,2,6,1,12),(45,2013,2,8,15,26),(46,2013,4,19,3,5),(47,2013,4,22,1,16),(48,2013,7,21,5,9),(49,2013,8,16,2,31),(50,2013,9,24,11,30),(51,2013,10,25,17,10),(52,2013,11,17,9,4),(53,2014,3,16,21,16),(54,2014,4,1,23,46),(55,2014,4,3,2,43),(56,2014,4,12,20,14),(57,2014,4,13,12,36),(58,2014,4,18,14,28),(59,2014,4,19,13,29),(60,2014,6,23,19,20),(61,2014,6,23,20,53),(62,2014,7,11,19,23),(63,2014,7,25,10,55),(64,2014,10,9,2,14),(65,2014,10,14,3,51),(66,2014,11,15,2,32),(67,2015,2,16,23,6),(68,2015,2,19,13,19),(69,2015,3,29,23,48),(70,2015,5,2,16,51),(71,2015,5,5,1,44),(72,2015,7,10,4,12),(73,2015,7,18,2,28),(74,2015,7,27,4,49),(75,2015,9,16,22,55),(76,2015,11,11,1,54),(77,2015,11,13,20,51),(78,2015,11,17,7,10),(79,2015,11,18,18,31),(80,2016,3,2,12,49),(81,2016,4,16,23,58),(82,2016,4,28,19,33),(83,2016,8,12,1,26),(84,2016,8,19,7,33),(85,2016,8,20,9,1),(86,2016,9,1,16,37),(87,2016,11,13,11,2),(88,2016,11,21,20,59),(89,2016,11,24,18,43),(90,2016,12,8,17,38),(91,2016,12,9,19,11),(92,2016,12,17,10,51),(93,2016,12,25,14,22),(94,2017,1,3,21,53),(95,2017,1,22,4,31),(96,2017,4,24,21,39),(97,2017,4,28,20,23),(98,2017,5,1,12,31),(99,2017,6,12,12,28),(100,2017,7,17,23,35),(101,2017,7,20,22,31),(102,2017,9,8,4,49),(103,2017,10,31,0,43),(104,2017,11,1,2,24),(105,2017,11,19,9,26),(106,2017,11,19,15,10),(107,2017,11,19,22,43),(108,2018,1,10,2,51),(109,2018,1,14,9,18),(110,2018,1,23,9,32),(111,2018,5,4,22,32),(112,2018,8,5,11,46),(113,2018,8,19,0,19),(114,2018,8,21,21,31),(115,2018,8,29,3,51),(116,2018,9,28,10,2),(117,2018,10,16,1,3),(118,2018,10,25,22,54),(119,2018,12,5,4,18),(120,2019,5,14,12,58),(121,2019,6,14,0,19),(122,2019,6,15,22,55),(123,2019,6,18,13,22),(124,2019,11,14,16,17);
/*!40000 ALTER TABLE `time` ENABLE KEYS */;
UNLOCK TABLES;

--
-- Table structure for table `tsunami`
--

DROP TABLE IF EXISTS `tsunami`;
/*!40101 SET @saved_cs_client     = @@character_set_client */;
/*!50503 SET character_set_client = utf8mb4 */;
CREATE TABLE `tsunami` (
  `tsunami_id` int DEFAULT NULL,
  `event_id` int DEFAULT NULL,
  `validity` int DEFAULT NULL,
  `max_water_height` double DEFAULT NULL,
  `runups` int DEFAULT NULL
) ENGINE=InnoDB DEFAULT CHARSET=utf8;
/*!40101 SET character_set_client = @saved_cs_client */;

--
-- Dumping data for table `tsunami`
--

LOCK TABLES `tsunami` WRITE;
/*!40000 ALTER TABLE `tsunami` DISABLE KEYS */;
INSERT INTO `tsunami` VALUES (1,1,4,0.01,1),(2,2,4,7.52,51),(3,3,4,0.03,1),(4,4,4,3.21,25),(5,5,3,0.1,2),(6,6,4,29,653),(7,7,4,0.14,2),(8,8,4,0.44,6),(9,9,4,0.04,1),(10,10,4,0.03,1),(11,11,4,0.23,1),(12,12,4,0.07,1),(13,13,4,16.9,358),(14,14,4,0.13,4),(15,15,4,4.1,12),(16,16,4,0.03,1),(17,17,4,0.15,1),(18,18,2,3.5,1),(19,19,4,0.6,11),(20,20,4,39.26,6288),(21,21,4,0.08,1),(22,22,4,0.03,1),(23,23,4,0.1,7),(24,24,4,1.2,24),(25,25,4,0.09,1),(26,26,4,0.19,4),(27,27,4,0.15,1),(28,28,4,0.06,1),(29,29,4,0.14,3),(30,30,4,0.08,1),(31,31,4,0.05,2),(32,32,4,0.2,2),(33,33,4,0.2,2),(34,34,4,0,20),(35,35,4,0,4),(36,36,4,0,1),(37,37,4,6.3,38),(38,38,4,0.15,17),(39,39,4,0.16,4),(40,40,4,12.98,176),(41,41,4,0.35,7),(42,42,4,1,3),(43,43,4,1.5,8),(44,44,4,11,124),(45,45,4,0.09,1),(46,46,2,0.2,1),(47,47,3,0.13,1),(48,48,4,0.07,2),(49,49,4,0.08,2),(50,50,4,0.57,11),(51,51,4,0.4,9),(52,52,4,0.15,2),(53,53,4,0.26,7),(54,54,4,4.63,201),(55,55,4,0.74,5),(56,56,4,0.05,8),(57,57,4,0.16,9),(58,58,4,0.43,3),(59,59,4,0.11,1),(60,60,4,0.13,5),(61,61,4,0.17,20),(62,62,4,0.2,6),(63,63,4,0.08,1),(64,64,4,0.47,5),(65,65,4,0.02,2),(66,66,3,0.09,3),(67,67,4,0.27,3),(68,68,4,8,6),(69,69,4,0.5,2),(70,70,3,0.6,3),(71,71,3,1,1),(72,72,4,0.01,1),(73,73,4,0.09,5),(74,74,4,0.08,2),(75,75,4,13.6,439),(76,76,4,0.55,2),(77,77,4,0.3,1),(78,78,4,0.15,1),(79,79,4,0.1,1),(80,80,4,0.21,13),(81,81,4,0.5,7),(82,82,3,0.02,2),(83,83,4,0.19,1),(84,84,3,0.1,1),(85,85,4,0.01,0),(86,86,4,0.21,4),(87,87,4,6.9,17),(88,88,4,1.44,9),(89,89,4,0.08,3),(90,90,4,0.43,11),(91,91,4,0.05,5),(92,92,4,0.08,5),(93,93,4,0.44,4),(94,94,4,0.01,1),(95,95,4,0.04,1),(96,96,4,0.16,4),(97,97,4,0.2,1),(98,98,4,0.06,1),(99,99,4,0.4,1),(100,100,4,0.1,1),(101,101,4,1.9,40),(102,102,4,2.7,68),(103,103,4,0.15,4),(104,104,4,0.1,4),(105,105,4,0.05,1),(106,106,4,0.08,1),(107,107,4,0.37,5),(108,108,4,0.4,8),(109,109,4,0.15,4),(110,110,4,0.25,64),(111,111,4,0.4,7),(112,112,4,0.14,4),(113,113,4,0,0),(114,114,2,0,1),(115,115,4,0.27,7),(116,116,4,10.73,291),(117,117,4,0.05,1),(118,118,4,0.5,6),(119,119,4,2,30),(120,120,2,0,0),(121,121,4,0.07,1),(122,122,4,0.14,7),(123,123,4,0.1,5),(124,124,4,0.11,3);
/*!40000 ALTER TABLE `tsunami` ENABLE KEYS */;
UNLOCK TABLES;

--
-- Table structure for table `victims`
--

DROP TABLE IF EXISTS `victims`;
/*!40101 SET @saved_cs_client     = @@character_set_client */;
/*!50503 SET character_set_client = utf8mb4 */;
CREATE TABLE `victims` (
  `event_id` int DEFAULT NULL,
  `victims_deaths` int DEFAULT NULL,
  `victim_injuries` int DEFAULT NULL,
  `victims_Missing` int DEFAULT NULL
) ENGINE=InnoDB DEFAULT CHARSET=utf8;
/*!40101 SET character_set_client = @saved_cs_client */;

--
-- Dumping data for table `victims`
--

LOCK TABLES `victims` WRITE;
/*!40000 ALTER TABLE `victims` DISABLE KEYS */;
INSERT INTO `victims` VALUES (1,0,0,0),(2,0,0,0),(3,0,0,0),(4,316000,300000,0),(5,0,2,0),(6,558,12000,0),(7,0,0,0),(8,0,0,0),(9,0,0,0),(10,0,0,0),(11,0,0,0),(12,0,0,0),(13,431,0,0),(14,0,0,0),(15,0,4,0),(16,0,0,0),(17,0,0,0),(18,181,1500,0),(19,0,0,0),(20,18431,6157,0),(21,3,132,0),(22,0,0,0),(23,0,0,0),(24,0,0,0),(25,0,0,0),(26,0,0,0),(27,0,0,0),(28,0,0,0),(29,0,0,0),(30,0,0,0),(31,0,0,0),(32,0,0,0),(33,2,13,0),(34,10,12,0),(35,0,0,0),(36,0,0,0),(37,0,0,0),(38,1,1,0),(39,2,20,0),(40,1,0,0),(41,48,155,0),(42,0,11,0),(43,0,0,0),(44,10,15,0),(45,0,0,0),(46,0,0,0),(47,0,0,0),(48,0,5,0),(49,0,0,0),(50,825,619,0),(51,0,1,0),(52,0,0,0),(53,0,0,0),(54,7,0,0),(55,0,0,0),(56,0,0,0),(57,0,0,0),(58,0,0,0),(59,0,0,0),(60,0,0,0),(61,0,0,0),(62,0,3,0),(63,0,0,0),(64,0,0,0),(65,1,0,0),(66,0,0,0),(67,0,0,0),(68,0,0,0),(69,0,0,0),(70,0,0,0),(71,0,0,0),(72,0,0,0),(73,0,0,0),(74,0,0,0),(75,15,14,1),(76,0,0,0),(77,0,0,0),(78,2,4,0),(79,0,0,0),(80,0,0,0),(81,663,6274,9),(82,0,0,0),(83,0,0,0),(84,0,0,0),(85,0,0,0),(86,0,0,0),(87,2,0,0),(88,0,15,0),(89,0,0,0),(90,1,0,0),(91,0,0,0),(92,0,0,0),(93,0,0,0),(94,0,0,0),(95,3,0,0),(96,0,0,0),(97,0,7,0),(98,0,0,0),(99,1,15,0),(100,0,0,0),(101,2,500,0),(102,98,251,0),(103,0,0,0),(104,0,0,0),(105,0,0,0),(106,0,0,0),(107,0,0,0),(108,0,0,0),(109,2,139,0),(110,0,0,0),(111,0,1,0),(112,560,7733,0),(113,0,0,0),(114,5,0,0),(115,0,0,0),(116,4340,10679,667),(117,0,0,0),(118,0,3,0),(119,0,0,0),(120,0,0,0),(121,0,0,0),(122,0,0,0),(123,0,28,0),(124,1,3,0);
/*!40000 ALTER TABLE `victims` ENABLE KEYS */;
UNLOCK TABLES;

--
-- Dumping events for database 'natural_disasters'
--
/*!40103 SET TIME_ZONE=@OLD_TIME_ZONE */;

/*!40101 SET SQL_MODE=@OLD_SQL_MODE */;
/*!40014 SET FOREIGN_KEY_CHECKS=@OLD_FOREIGN_KEY_CHECKS */;
/*!40014 SET UNIQUE_CHECKS=@OLD_UNIQUE_CHECKS */;
/*!40101 SET CHARACTER_SET_CLIENT=@OLD_CHARACTER_SET_CLIENT */;
/*!40101 SET CHARACTER_SET_RESULTS=@OLD_CHARACTER_SET_RESULTS */;
/*!40101 SET COLLATION_CONNECTION=@OLD_COLLATION_CONNECTION */;
/*!40111 SET SQL_NOTES=@OLD_SQL_NOTES */;

-- Dump completed on 2020-12-14 21:55:57
